{"cameraMode":{"drawMode":0,"name":"Shaded","section":"Shading Mode"},"sceneLighting":true,"audioPlay":false,"sceneViewState":{"m_AlwaysRefresh":false,"showFog":true,"showSkybox":true,"showFlares":true,"showImageEffects":true,"showParticleSystems":true,"showVisualEffectGraphs":true,"m_FxEnabled":false},"in2DMode":false,"pivot":{"x":98.53465270996094,"y":-10.378761291503907,"z":52.516700744628909},"rotation":{"x":-0.6161287426948547,"y":0.0019917506724596025,"z":0.004543749615550041,"w":-0.7880226969718933},"size":68.59603881835938,"orthographic":true}