{"cameraMode":{"drawMode":0,"name":"Shaded","section":"Shading Mode"},"sceneLighting":false,"audioPlay":false,"sceneViewState":{"m_AlwaysRefresh":false,"showFog":true,"showSkybox":false,"showFlares":true,"showImageEffects":true,"showParticleSystems":true,"showVisualEffectGraphs":true,"m_FxEnabled":false},"in2DMode":false,"pivot":{"x":1.3052359819412232,"y":-9.557182312011719,"z":14.356744766235352},"rotation":{"x":0.4042292535305023,"y":0.02860940247774124,"z":-0.012701226398348809,"w":0.9142321944236755},"size":26.49384117126465,"orthographic":false}